first_name,last_name,email,number,address,postcode
Ella,Hill,EllaHill@exodusemail.com,0756789019,234 High Street,N1 2AB
James,Roberts,JamesRoberts@exodusemail.com,0765432107,567 Camden Road,NW5 1AB
Scarlett,Green,ScarlettGreen@exodusemail.com,0792345670,890 King's Road,SW3 4AB
Oliver,Cook,OliverCook@exodusemail.com,0789012343,345 Euston Road,NW1 2AB
Isabella,Hall,IsabellaHall@exodusemail.com,0754321092,678 Marylebone Lane,W1U 1AB
Samuel,Young,SamuelYoung@exodusemail.com,0798765437,101 Victoria Street,SW1E 5AB
Sophia,Evans,SophiaEvans@exodusemail.com,0767890126,123 Piccadilly Road,W1J 7AB
Matthew,Turner,MatthewTurner@exodusemail.com,0765432108,456 Kensington Avenue,W8 6AB
Mia,Rivera,MiaRivera@exodusemail.com,0756789014,789 Chelsea Street,SW10 9AB
Elijah,Murphy,ElijahMurphy@exodusemail.com,0791234568,234 Fulham Road,SW3 6AB
Avery,King,AveryKing@exodusemail.com,0767890124,567 Notting Hill Gate,W11 3AB
Benjamin,Wright,BenjaminWright@exodusemail.com,0754321095,890 Portobello Road,W10 5AB
Ava,Perez,AvaPerez@exodusemail.com,0792345675,101 Bayswater Road,W2 4AB
Jackson,Collins,JacksonCollins@exodusemail.com,0798765434,123 Paddington Street,W1U 5AB
Harper,Ward,HarperWard@exodusemail.com,0756789016,456 Baker's Street,W1U 4AB
Ethan,Mitchell,EthanMitchell@exodusemail.com,0754321094,789 Covent Garden,WC2H 9AB
Sofia,Garcia,SofiaGarcia@exodusemail.com,0789012346,456 Leicester Square,WC2H 7AB
Oliver,Parker,OliverParker@exodusemail.com,0791234566,101 Trafalgar Square,WC2N 5AB
Henry,Turner,HenryTurner@exodusemail.com,0756789010,123 Strand,WC2R 1AB
Emma,Perez,EmmaPerez@exodusemail.com,0754321091,456 Whitehall,SW1A 2AB
Benjamin,Jones,BenjaminJones@exodusemail.com,0767890122,789 Pall Mall,SW1Y 5AB
Grace,Hill,GraceHill@exodusemail.com,0792345675,123 St. James's Square,SW1Y 4AB
Elijah,Lopez,ElijahLopez@exodusemail.com,0756789014,456 Grosvenor Square,W1K 2AB
Olivia,Young,OliviaYoung@exodusemail.com,0765432105,789 Berkeley Square,W1J 6AB
William,Davis,WilliamDavis@exodusemail.com,0798765435,101 Hanover Square,W1S 1AB
Emily,Rodriguez,EmilyRodriguez@exodusemail.com,0754321097,123 Regent's Street,W1B 5AB
Ethan,Cook,EthanCook@exodusemail.com,0792345671,456 Oxford Circus,W1D 1AB
Ava,Lee,AvaLee@exodusemail.com,0756789019,789 Carnaby Street,W1F 7AB
Olivia,Johnson,OliviaJohnson@exodusemail.com,0798765432,123 Soho Square,W1D 3AB
Liam,Williams,LiamWilliams@exodusemail.com,0754321098,456 Coventry Street,W1D 6AB
Ava,Brown,AvaBrown@exodusemail.com,0765432109,789 Leicester Square,WC2H 7AB
Noah,Jones,NoahJones@exodusemail.com,0791234567,123 Charing Cross Road,WC2H 0AB
Emma,Davis,EmmaDavis@exodusemail.com,0756789012,456 Great Windmill Street,W1D 7AB
Lucas,Martinez,LucasMartinez@exodusemail.com,0767890123,789 Piccadilly Circus,W1J 0AB
Mia,Hernandez,MiaHernandez@exodusemail.com,0789012345,123 Shaftesbury Avenue,W1D 5AB


William,Nelson,WilliamNelson@exodusemail.com,0789012347,789 Baker Street,NW1 6AB
Amelia,Adams,AmeliaAdams@exodusemail.com,0756789017,123 Oakwood Drive,FG1L6M2
Elijah,Scott,ElijahScott@exodusemail.com,0789012348,789 Cedar Avenue,NA9P4T3
Zoey,Allen,ZoeyAllen@exodusemail.com,0792345671,456 Elm Street,SD4U1K9,no
Mason,Thompson,MasonThompson@exodusemail.com,0791234565,123 Oak Avenue,ZR7O8B1
Avery,White,AveryWhite@exodusemail.com,0767890125,890 Maple Lane,VB2T5P6
Alexander,Martin,AlexanderMartin@exodusemail.com,0789012340,789 Redwood Lane,PL3Y8R7
Sofia,Turner,SofiaTurner@exodusemail.com,0756789018,456 Oakwood Drive,CM5O1P8
Sophia,Garcia,SophiaGarcia@exodusemail.com,RM4K9E7,0754321097,123 Oak Avenue
Harper,Taylor,HarperTaylor@exodusemail.com,0767890120,456 Elm Street,FG9S5D2
Samuel,Wilson,SamuelWilson@exodusemail.com,0789012341,123 Oak Avenue,KO6P1N3
Lily,Perez,LilyPerez@exodusemail.com,0791234564,456 Elm Street,QP2T5Y8
William,Moore,WilliamMoore@exodusemail.com,0756789015,789 Maple Lane,BS3E7W1
Grace,Clark,GraceClark@exodusemail.com,0754321093,890 Cedar Avenue,PU1O5L6
Aiden,Lewis,AidenLewis@exodusemail.com,0767890129,123 Oakwood Drive,JI8M3R2
Chloe,Walker,ChloeWalker@exodusemail.com,0765432102,456 Redwood Lane,ZF4A9B6
Henry,Hall,HenryHall@exodusemail.com,0754321096,789 Pine Road,ND6T1K9
Emily,Young,EmilyYoung@exodusemail.com,0792345672,890 Elm Street,YG7P4R8
Daniel,Harris,DanielHarris@exodusemail.com,0798765431,123 Cedar Avenue,QE2H9N4
Carter,Baker,CarterBaker@exodusemail.com,0798765436,123 Oxford Street,W1D 1AB
Lily,Gonzalez,LilyGonzalez@exodusemail.com,0754321091,456 Regent Street,SW1A 1AB